epoch,accuracy,loss,val_accuracy,val_loss
0,0.2994791567325592,1.927961826324463,0.4609375,1.4915127754211426
1,0.5486111044883728,1.427087664604187,0.6328125,1.168617844581604
